{
  "criteria": {
    "requirement": {
      "trigger": "minecraft:entity_hurt_player",
      "conditions": {
        "damage": {
          "source_entity": {
            "type": "minecraft:player"
          },
          "type": {
            "tags": [
              {
                "id": "minecraft:is_projectile",
                "expected": true
              }
            ]
          }
        }
      }
    }
  },
  "rewards": {
    "function": "island:game/subminigame/8_oneshoot/killed"
  }
}