{
  "criteria": {
    "requirement": {
      "trigger": "minecraft:player_hurt_entity",
      "conditions": {
        "player": [
          {
            "condition": "minecraft:entity_properties",
            "entity": "this",
            "predicate": {
                "type": "minecraft:player",
                "nbt": "{Tags:[\"use_item\"]}"
            }
          }
        ],
        "entity": [
          {
            "condition": "minecraft:entity_properties",
            "entity": "this",
            "predicate": {
              "type": "minecraft:interaction",
              "nbt": "{Tags:[\"player_choice\"]}"
            }
          }
        ]
      }
    }
  },
  "rewards": {
    "function": "island:game/items/pannel/click"
  }
}
