{
  "criteria": {
    "requirement": {
      "trigger": "minecraft:player_hurt_entity",
      "conditions": {
        "player": [
          {
            "condition": "minecraft:entity_properties",
            "entity": "this",
            "predicate": {
                "type": "minecraft:player"
            }
          }
        ],
        "entity": [
          {
            "condition": "minecraft:entity_properties",
            "entity": "this",
            "predicate": {
              "type": "minecraft:interaction",
              "nbt": "{Tags:[\"skip4\"]}"
            }
          }
        ]
      }
    }
  },
  "rewards": {
    "function": "island:game/turn/debate/skip/click_skip4"
  }
}
