{
  "criteria": {
    "requirement": {
      "trigger": "minecraft:player_interacted_with_entity",
      "conditions": {
        "player": [
          {
            "condition": "minecraft:entity_properties",
            "entity": "this",
            "predicate": {
                "type": "minecraft:player",
                "nbt": "{Tags:[\"his_turn\"]}"
            }
          }
        ],
        "entity": [
          {
            "condition": "minecraft:entity_properties",
            "entity": "this",
            "predicate": {
              "type": "minecraft:interaction",
              "nbt": "{Tags:[\"task_choice\"]}"
            }
          }
        ]
      }
    }
  },
  "rewards": {
    "function": "island:game/system_task/interaction/want_item"
  }
}
