{"stats":{"minecraft:picked_up":{"minecraft:birch_button":1},"minecraft:used":{"minecraft:sand":1,"minecraft:birch_button":9},"minecraft:custom":{"minecraft:time_since_rest":7613,"minecraft:walk_one_cm":8461,"minecraft:leave_game":2,"minecraft:walk_under_water_one_cm":2847,"minecraft:play_time":7613,"minecraft:jump":25,"minecraft:time_since_death":7613,"minecraft:sprint_one_cm":3273,"minecraft:total_world_time":7879,"minecraft:fly_one_cm":121206,"minecraft:walk_on_water_one_cm":22012,"minecraft:crouch_one_cm":102,"minecraft:sneak_time":349}},"DataVersion":4556}